{"cameraMode":{"drawMode":0,"name":"Shaded","section":"Shading Mode"},"sceneLighting":true,"audioPlay":false,"sceneViewState":{"showFog":true,"showMaterialUpdate":false,"showSkybox":true,"showFlares":true,"showImageEffects":true,"showParticleSystems":true},"in2DMode":false,"pivot":{"x":4.28197717666626,"y":-0.685860276222229,"z":1.0075783729553223},"rotation":{"x":0.32076841592788699,"y":0.26498350501060488,"z":-0.09397682547569275,"w":0.9044693112373352},"size":6.543745517730713,"orthographic":false}